,1,2,3,4,5,6,7,8,9,Target
0,-0.8256538909305323,0.9967497671054253,2.1722705158214577,0.2969573677573097,-0.4633379678363312,-0.34988429119761705,2.511452255820693,-0.9286442753793525,-2.778066266687639,1
1,-0.5578339544058541,0.1605902418104791,0.2863311024692068,-0.041376875211026384,-1.4487522736715717,0.027274936305497023,0.04838510493288728,-0.7643396262695974,-0.04971255917005535,1
2,0.3093178022046615,-0.6388225139342183,0.9375548428677463,1.09868850104712,2.917308762873108,-0.3056544601336911,0.6472018251762985,-0.10889846683804266,-0.7400387522382066,0
3,0.8146250149842883,-1.4688529282342753,-2.514924624405778,-0.24701649088573535,0.2761027539232751,-0.4457356776968774,0.3933157298744708,1.1425639200052216,-0.47884730824211474,0
4,0.5292113042641395,1.3622079032294256,0.026131979530616148,1.2444590620289295,0.1653818999636567,0.6254372759921635,-1.2679288381749705,0.6044470805127579,1.4527872560219168,1
5,-0.1409107523901582,-1.729455526982988,-0.25485294724388907,0.2590319017920037,-0.6618918349396725,-0.6910963226970512,1.171269662846839,0.18693704577199538,-1.3547272303487616,0
6,-0.9626625643799945,-0.9904467326358519,-1.1067788698814538,1.1476066746067717,-1.2519574324073268,0.12736935760139437,-1.5573140431043964,0.8959214811709535,1.7126052901188578,0
7,2.0181218523403635,0.7259016498767918,0.14498732700110628,-0.3162393276322203,-0.6212073387910747,0.09292985352339965,0.34800655313811396,-2.453891930331267,-0.36911533508787664,1
8,-0.017817549053938987,0.785941018366844,0.45794707630974174,0.14676526338688947,-0.600138799235613,0.09552735109555219,0.39846286563643935,0.5729627259567562,-0.42385004224166134,0
9,-0.6146409249169097,1.036743948231648,0.5811849443107208,-1.2178460507591775,0.1203424280078301,0.5052022157282472,-1.0893381840937406,-0.16312500621284975,1.244559754203244,1
10,-0.6344047103008461,-0.9646833077151469,2.029997487440461,0.3877346627429501,-0.5251033939389392,-0.4173991465070684,0.7892257880094243,0.036197462760435326,-0.9074373777355473,0
11,1.2726233312944941,1.1493806323007987,-1.3692804052133245,0.557532641377321,-0.9985664147892049,-0.24604908173286602,2.2256155080173707,-0.13637250975649887,-2.454717048040723,1
12,0.6077152484722893,1.9028424198994016,-0.29113217079433823,0.9639045974419587,-0.8276839572730029,0.43620039014024864,0.09197890629995382,0.3101025961317004,-0.05146277554053136,1
13,-0.5889311760437443,-0.8222925670617367,-1.9757301418738367,1.634602501369415,0.851789637515316,-0.35958025617209055,0.688877744115544,-0.2719387996845504,-0.7915273906671697,0
14,1.1381727692810775,-1.1243368378571972,-0.6465822153813857,0.9336296282088858,0.29543966465863936,-0.005254617094141005,-1.129664809727334,-0.8045415853534423,1.2313774609502435,0
15,0.6745282193394017,0.4212815950722406,-1.1563755922941563,1.0775199822005939,-0.5906453787685052,0.1853259110249723,-0.3576304148972233,-0.5816228502650783,0.4107697439510962,1
16,-0.788330268522488,-1.0438063454900208,0.6662437992860968,-0.23795341636452816,1.6059935215654781,0.24274826809998828,-2.103381547443786,-0.12544719386657144,2.32104410523048,0
17,0.21643426434926666,-1.0332924005856268,0.030011526171675736,-0.029935876835249856,-0.823443904193359,-0.07960003206882481,-0.7197433937306148,1.4918973608952575,0.7760088794550531,0
18,0.7772087951112211,-0.8631953761936857,-0.15847241666001066,0.9132588525940285,-0.7891408068160674,0.15705404961126596,-1.5533524240031067,0.1957459190548047,1.7116089972071227,0
19,0.8890393567021025,-0.7008878206577396,1.1564436063936467,0.41959523754955963,1.824818786589987,-0.37865404021576105,0.8945085590486315,1.6234621032930863,-1.017915758774125,0
20,0.06471737218755258,-0.9981654689902504,-1.3242492171803182,-0.13170556257429109,0.5569989401724988,-0.04142783240253805,-0.8463242948540144,-1.2633809410664474,0.9183273069000502,0
21,-0.8495187764148103,-0.9394305350808629,-1.5585941928171034,0.17592789245984333,1.1520065700146511,-0.08793098584724478,-0.588087372013467,0.11478381140063329,0.6314973511442634,0
22,-1.2556005380398678,-0.9503544415898307,0.21585967236060627,-1.5268863656237133,1.0466613849577997,-0.010261941932157823,-0.9300690083758457,0.5942715493361382,1.0131457890083575,0
23,0.514864837855844,1.0334345037225168,0.5053634415125542,2.1532334692629522,-0.8797298016122248,0.14398274063332672,0.4456862980687457,0.3245535159290734,-0.4699239465753884,1
24,-0.14894122914447525,1.3004731024610332,-0.18762634911122614,0.19664529496690467,1.1653354411392074,-0.36628332285465875,2.892502915733739,2.0051405255465915,-3.19546076796295,1
25,0.9221103681405612,-1.1939667810140906,1.8482333679679015,-1.7992991295513863,-0.10170911376114855,-0.2838366786235114,-0.014543733753694388,-0.17283937189547308,-0.015923175072591,0
26,-1.8039436253159022,1.1090013179511633,-0.44832165562495413,0.3546604863959199,0.2696988468097705,0.28619555991555484,-0.08256189600414483,-2.0328934519997985,0.1220867188072714,1
27,0.6594188067356809,1.865699403662786,-0.987620712704062,-0.5213164307740237,-0.24302373169355385,0.8995197622321316,-1.9193332090060216,-1.2727756374651549,2.1938737083107953,1
28,0.2854914361618232,-1.101489800053509,-0.2991532708608496,1.6135615510922865,2.1087484299986263,0.09483533276628284,-1.5325327866067437,-0.9595318228949353,1.6819367201165902,0
29,1.5373798077309975,1.4292219186684791,0.07597729042272197,1.1590106388629562,1.575783445862164,0.3250208422332769,0.08019501152980683,0.4965050383582789,-0.051061608067838216,1
30,0.7448845364406519,-1.3452554526635079,0.612232523128053,-0.8323953476886892,-0.036281288553702225,-0.5971423832666076,1.1647925317431096,0.20437739492116297,-1.337142595813816,0
31,-1.2513907568690088,1.5513481604050727,-0.5946762577195795,-0.25431071572145914,-0.7693836244291606,0.7073445976416891,-1.4229667246480882,-0.013095411345173575,1.6310371483277497,1
32,-0.253620389593978,-0.8354352606560171,-0.6020706223552577,0.4487003567731619,-2.0411541793372043,0.13652746035160163,-1.4374865079174504,-2.316617310418222,1.5829518424671831,0
33,-0.2272525093603447,0.4718669639648374,1.758759350083834,-1.0237993163261987,-0.727476109719801,0.17139402612873725,-0.2464632734204456,-1.2688589591737998,0.28797535270299157,0
34,0.39378773124931865,-0.6996828669939165,-0.42642861763352236,0.5803301126032293,-0.22814069070045617,-0.3219324289957649,0.6541687320757595,-2.664125939262139,-0.7494593772250981,0
35,-0.6280690126587997,1.1521979327557366,0.08811970446198623,-0.9042886387435229,-0.2586954360976899,0.4851669130369046,-0.8857097168226833,-0.23344104883120642,1.0202473932553016,1
36,0.00756039503731471,0.9662880975510306,1.7642495790385695,-0.1686622867439575,0.2947395148619431,0.4073096417524989,-0.7446107605769489,1.1390532955004165,0.8576522474207517,1
37,-1.5454476374197936,0.48694810187138626,0.720685934762169,-1.325491265694986,1.6389616031539602,-0.41766102872464755,2.2777452067904296,0.058371883962996744,-2.530784618227945,1
38,0.43856199808904056,0.7661423389767953,0.9819936577191596,1.9642794572557087,0.927819852939582,0.33115044462329113,-0.6253305566451348,0.742056579716027,0.7190418833839456,1
39,0.47517739276916127,1.003701082603006,-0.8830217303668589,-0.1447931144765984,0.2537748075110025,0.4773547633217422,-1.0045944357749792,-0.9582128157722813,1.1490233639260485,1
40,-1.3402091759035006,-0.05675285944453068,-1.279426156313522,-0.21237328549062034,0.3546020521128279,-0.1696254683629962,0.6642748690941295,1.9865651109424,-0.7434254122347654,0
41,3.432663431795559,1.7139381970759628,0.08108320579792591,-0.586680439697456,-0.7475262685796005,0.09635936119179207,1.3457852622804984,-0.4426554096701531,-1.4568676270195788,1
42,-0.37047685436700895,0.6514605549912892,-0.6575961398094976,0.029215791266507272,-1.049053366243632,0.2909858728785792,-0.5717795723956255,-0.5846108372814344,0.6561437672695305,1
43,1.1283785422364605,0.19945996723784476,-0.5072572026876707,-0.45350311891367795,-1.2233505715927329,0.06341362858760043,-0.06570016326079536,0.5403055162702174,0.07875093439629588,1
44,-2.0039417678250966,-1.1634882862702869,-0.7320318846051872,-0.1985003194006996,-0.12978171025513718,0.016994809050253416,-1.2645402513804465,0.892588395830451,1.380958543531834,0
45,-1.395283025065327,-1.3149683271027968,0.4905610438096389,-0.36925590182896817,-0.5223564651356952,-0.5221602031508134,0.8764807112049499,0.17195713216759081,-1.0143251210308326,0
46,-2.2626153263456037,0.8991890051870939,-0.1769365572253719,-1.2260699612397163,-0.4197178699128385,0.21839785965559028,-0.00879765232920992,1.5535652215621067,0.03405050332384185,1
47,-0.5979685425002383,-0.3418001707383467,-0.43068062707394905,-0.6239051526686622,-0.9134434096547731,-0.2742884880126838,0.8179576237122841,-0.6868316257783892,-0.9227456318778813,0
48,-0.6184412224138484,1.5509226842484471,0.31626928139039256,3.740248903704589,-0.4842775205729267,0.6901489933241152,-1.350167476449083,1.6944600197979376,1.5497197291854197,1
49,-0.19502087663908493,0.05516865288722783,-0.06081747453551338,-1.49916286177836,-1.9742477626379515,0.031165362370384884,-0.07620352434499279,-0.3442891492802984,0.0865943129356378,1
50,1.4074105946578879,0.9727783243520611,0.6146625861253558,-1.1254527462501986,-0.08601351309313744,0.7891390033799346,-2.3641525409102195,-0.810140030643709,2.6666149201767486,1
51,0.6085800501276962,0.9544159799096747,0.6833562545792692,-0.34700994911158545,-1.360979773904556,0.3454183305071559,-0.49318347830205056,0.13630100537027234,0.5765254422706632,1
52,0.49434165098237876,-0.8720202638598917,-1.458324460393154,-0.44669920347712,-1.4941937652746844,-0.4769705471448058,1.1378839179349627,-0.96126359903051,-1.2943403539597422,0
53,-1.1557916510992894,-1.0830518559970774,0.2752488701157913,2.4215893039376306,1.1123486525866415,0.10531753458808008,-1.5582836424470254,-0.1631835763614176,1.7111933366898475,0
54,1.130725354529131,-1.3199408407246427,-1.4092092764721913,-0.23774809814536352,1.5666862010961442,-0.5057436388033857,0.8014683419897086,-1.3516493853176743,-0.9306814000744597,0
55,1.6388889307188654,-0.8473794815834084,-1.6933487080721044,-0.33505405763656776,-1.0449981890682136,0.0159962029079594,-0.9363885396879658,0.7671130964448215,1.0229779908733534,0
56,0.10120308649831945,-1.483788699211779,-0.3126030136650717,-1.1865517009450086,-1.1118180907755213,-0.5221497826375143,0.703455705056877,-0.2990949667611442,-0.8256300152706793,0
57,0.10931836390543528,-0.47735898693387646,0.48084611326516874,-1.5465610399686571,-1.5443957813866982,-0.19786456553339601,0.35357259910409167,0.6022651275385377,-0.40774853322121263,0
58,-1.3450100202683752,-1.362019694738366,-0.3145638619172873,0.07432055368263171,-1.2952578852810872,-0.5113359751297981,0.7821700131657249,0.5280034220718364,-0.9102616668639242,0
59,1.162588546776034,0.4050688372548157,-0.6367350241906234,0.9067663773284979,-1.3708535487883826,0.14193096245688588,-0.1894258130196023,0.472135915901166,0.2224733820476752,1
60,-0.43826394902083166,-0.8519992103616366,0.31869254278046505,-0.7873135419683122,-0.020753261598423552,0.17535324700137575,-1.6198157066802612,-0.9659552082324909,1.7861402536670106,0
61,1.9186195264011077,0.9114240447295131,0.3207619806555976,-1.1312712082912715,0.742341573755488,0.3996538366168668,-0.7682211455285807,0.5172723109699303,0.882543464479602,1
62,0.2560794374519645,-1.1074497627942472,2.1126221193063364,0.4825979515241575,-0.2067613340583698,-0.16882680150762744,-0.41571592176849853,-0.1550498213016635,0.43445745698041904,0
63,-0.22196889971060488,3.3697113075774916,0.978327542602826,0.15028030707346207,0.2771265005611528,1.6803245718355486,-3.703666029883607,0.7768192843307928,4.227227883206714,1
64,0.9351915417928018,-0.9399663448987081,-0.8941369681633936,-0.08339327290337441,-1.3871805199607892,0.05282708454051194,-1.1881178910430479,0.910074638935635,1.3016279584747055,0
65,0.4409560006804435,-0.45778771667006357,0.9640226322174184,-0.2925789353599082,0.3294899667614772,-0.2416988734947539,0.5603142671009362,-0.06063030227924242,-0.6381210301437503,0
66,-1.5657748449138427,1.933367269691531,-1.209100458641519,0.8328187435217099,-0.20787983780257424,0.9507510747187309,-2.068189368157611,-0.8386774077745356,2.361946970585608,1
67,0.33152673050070786,-1.249141991141114,0.8645017035225613,0.4333603521044893,-1.0417702820212884,0.03603398575029312,-1.433391618148058,0.513364935613181,1.5672328863528433,0
68,1.1277513449502294,-0.06459158916395524,0.09894224603249625,-0.8155473512047462,0.05029323902704858,-0.15562703695096938,0.5966243573081561,-0.35541349049214155,-0.6680810115207578,0
69,1.1811387284253252,0.20593943870304998,-1.711764865060453,-1.8605307372176694,1.6411361857075177,0.04659108494565693,0.012585345166976502,-0.7026202774311522,-0.008507798728422333,1
70,1.0081956109102623,0.6171742372610265,1.115489374094808,-1.6196456938206558,-3.0160319852092985,0.024162522188217933,0.5294763497673567,0.30820413383639916,-0.5747193656228573,1
71,-0.8943706438088923,-0.7924018569623384,-0.6350874191471966,-0.6074641019327619,-0.0703970805746775,-0.348937754014764,0.6741791747008613,-0.22995602264588777,-0.7743059916492441,0
72,-0.20633091204487983,-0.6474965358955724,0.45978170021018383,0.4286587396338861,0.02117182858814892,-0.24890716254155862,0.3966301772509912,1.0506146488672723,-0.4604210922033892,0
73,-0.821600484572795,-0.9056953283215498,1.1724491875207435,-0.7568372405228574,-0.779938123992242,0.103519476241769,-1.3688986644350627,0.04086538652840479,1.5044565407346473,0
74,0.3944280300121126,-0.6881666581056716,0.1855356209665554,1.4958847658844756,0.7255225582535588,-0.33493343332940356,0.7213393559385541,-0.4382002673386686,-0.8241687402787561,0
75,-1.2583499172829835,-1.1577315073957548,-0.11378156431374926,-0.4307697393922684,-0.6337920536966861,-0.05660894685099655,-0.9451669326963454,-1.0702882915960799,1.0244210350123837,0
76,-1.0600342610720748,0.9862680848654266,-0.8997874930908698,0.25605238613052045,-0.7776976185631873,0.43358483778024576,-0.8360431363137267,-2.3568649077708295,0.9603069180876959,1
77,0.7939304091428137,-0.9870308326661976,-0.32433181561683444,-1.0839601368846468,0.6073661526176927,0.1826315213122677,-1.7891727260958465,2.208661629981109,1.9716490570458407,0
78,1.0300024885667107,-0.9622762585111644,-0.8593713169178759,-1.3632765570451368,-1.648152918607603,0.1492973218905397,-1.6218394530420053,-0.11724767712955894,1.7854295310102262,0
79,-1.8292196337498967,-0.9097650760244195,1.2080994611405487,-0.12071046677601316,0.23443672196787663,0.01768316425198364,-1.0074961902728694,0.01175550719321743,1.1007139688156828,0
80,-1.0725253019909582,-1.0242075675761217,-0.7417602315025392,-0.7618346905784482,0.2900413643555045,-0.1676232990209528,-0.33554803888275875,0.08803609612487993,0.34716443672394914,0
81,1.640057367649072,-0.9354629012192309,1.1770702202202439,-0.8968795864161179,-0.417870617781906,0.22148631047154355,-1.9018145846653955,2.1723327962554255,2.098842575536443,0
82,0.2606884809102133,0.7482474678920528,-1.0602738188253056,-0.7328074372194352,0.5003195194866704,0.4005436812724257,-0.9392086988771448,-0.7681584763741307,1.06911508593955,1
83,-1.9062328456870805,0.7380751082551458,0.5489951251882254,-0.4403619312799522,-0.4615129705246348,0.2948460112623933,-0.49947070415108596,-1.3190912300084694,0.5777189539272812,1
84,0.046846204858301294,-0.3405833065556113,2.2347217376258857,-0.4380545074876235,0.29078794646870554,-0.12231968069864678,0.17197700819888045,-0.1858108567803287,-0.20124836761984233,0
85,1.8971606873858808,1.0726940944149215,-0.20984694852691854,1.3012248377291613,-1.3813911531218699,-0.2767566018687714,2.2778209535164016,-0.6325901423895697,-2.515088776413468,1
86,-1.0361885663919008,0.29322929667933084,0.5931235663760103,-0.31746617059138227,-0.550875649603592,0.09802979815014827,-0.11704858493032419,0.4773366596902064,0.13862571765114384,1
87,0.1273146355720885,2.157181228180882,-0.072892245211876,0.0340658625538518,-0.07094967490085848,0.13158578836938886,1.649923593638896,0.7573281242970629,-1.7846037054111465,1
88,0.1133482551732908,-0.8336551706784238,-1.9630750679485995,-0.3730201923150563,-0.3247422640409677,0.036741219921618884,-1.0106779981346825,0.963193097140422,1.106318034365854,0
89,0.9120868581510255,1.2472405362447236,0.6762815106358739,-0.6832707184137332,-0.8588231507422037,0.6506744956732967,-1.4932133976089867,0.6167805635806435,1.7012993678958765,1
90,-0.9753885453711425,-0.8126865484954565,0.4037240770776158,0.9458863748241041,0.5260950996672287,-0.33154383554121086,0.5793147865703343,0.7582594321492002,-0.6689030333397108,0
91,-0.21955216709416556,1.0002936439927121,0.8059133073385901,-1.3264896477767878,-0.2518521972500833,-0.08122421864683231,1.3708737989058686,-0.42959567390032527,-1.5041139227107336,1
92,-0.6808515740173174,-0.6567484815741191,-0.1221540151116833,-0.07667936270573186,-1.0678765764865552,-0.4066477303370942,1.0589593382053097,0.8495868450948219,-1.2003937266864915,0
93,0.568904090502716,-1.0028001435353107,-0.5487608291523853,1.0790570549507297,1.9288003053541174,-0.4587261753357712,0.9261793623630241,2.230274147801679,-1.0614210921051745,0
94,-0.28305286792145534,-0.9936542050829146,-0.7519774342109412,0.09673935459673665,-1.292737402624507,-0.1359704655871018,-0.4390495647565286,1.2591335295997603,0.4635834116934473,0
95,-0.1660198696946643,1.991203072608756,-1.4320670261489077,-0.18589217762224536,1.1689263743278715,0.2955050223365815,0.7817314955402968,-0.363053450794692,-0.8194335524926428,1
96,-0.8662026807009421,1.0444545401120953,0.36357788599044405,-1.0233622014868475,-0.5007103655935266,0.08216293254365964,0.7202653391873095,-1.1558002714875353,-0.7762910985973923,1
97,-1.5448602099407767,-0.48721544861758026,0.9238521280054981,-0.8741677208714415,0.47874513116694617,0.42421564880559803,-2.305934937313749,0.22782691486061338,2.562261161212737,0
98,1.476813608626184,-1.0840776210456993,0.23477128105090736,-0.7086549942283279,-0.7166440259683586,-0.22723537793916374,-0.14300864455886597,-0.3589672940570473,0.13051356251868085,0
99,1.7626089014166477,-0.22287250139069026,0.6809789273140514,0.5226551740981221,-0.357514214019013,-0.17068283698924774,0.4985648073720737,-0.47458986707940803,-0.5628272541154573,0
100,0.5072515845393727,2.38429338001891,-0.5641639305453827,0.3035897590687767,-0.11656742405674565,0.10833172429290613,1.981670371153908,0.9037094332179562,-2.1489970501483047,1
101,-1.383379352486164,-0.9267443151287483,1.217716255875353,-1.2477341209058204,0.7174286220370574,-0.36959336690488226,0.6244973158316074,-0.9670123710082098,-0.7224380156506751,0
102,-1.4806546192802672,-0.9081521376793559,0.767293626487417,0.545227590984845,-1.0366558675618027,0.001995817497713192,-0.9390318874708604,-0.08259523896167562,1.024292956782883,0
103,1.7926130716325068,-0.947852469539446,1.020152644515352,-0.7033950585259874,-0.639096500196793,0.2167733382213544,-1.894437159553379,0.6389859536932095,2.090269302197432,0
104,0.36334791857426507,-1.2727151249968705,-0.017250865259717214,-0.7754704347039222,-0.9797201914449796,-0.4933755807150302,0.7971829106313814,0.5144115605663222,-0.9246229127565675,0
105,-1.1364331013176956,1.2790015891637594,-0.9520840716488203,-1.4251561722623798,1.829906238047157,-0.21268158126126924,2.216320226747728,1.0773765676263816,-2.4408435117974987,1
106,0.8454264291238803,0.6052317290887663,-1.31889682743322,0.34908368421465397,0.13109219967497152,0.2734771305189631,-0.5445787703743471,0.5406022320910384,0.6245190686333197,1
107,-1.0493603216267162,1.553514619612225,0.0941731578465827,-0.7970638989468275,0.7602517470234037,0.777681263565189,-1.7203071812415847,-1.2922766213687398,1.9631806776918581,1
108,1.2198743790306215,-1.398039264609402,0.6409858663835063,-0.19054829766145195,-1.133792035393578,-0.6550988458279488,1.3575416080355907,-0.31690119652834625,-1.5538367449587587,0
109,0.6306416725254931,1.3402861492732856,0.5736533442539641,-2.0183550516948063,1.1581868527405184,0.6141440498491496,-1.2422935324539663,1.5976369628457134,1.4235658353124332,1
110,0.7390938362426234,1.0734668441912278,1.2567374708813324,-1.7443723745538922,-0.3859880935287451,0.9366532110569361,-2.889238298362438,-0.34257094231237883,3.2557704109070515,1
111,0.24050555214736213,-1.4475072699748168,1.7054835177554424,0.3985983881614373,-0.9994265013581795,-0.5854428718124532,1.0101932871521453,-0.45971768103806804,-1.167232924075014,0
112,0.08429739091029076,0.8104994334149331,-0.3720646810099599,-0.7409633426063588,-0.45310495137793355,0.06717304038615253,0.5443860513710383,1.7024300469079419,-0.5861629627722353,1
113,-0.32606130576013626,0.20709379451093501,-0.22423577212349852,0.35571726157601685,-0.030911417604135967,0.01818034301102444,0.1347680613388971,1.1525991350106037,-0.14493666099450309,0
114,-0.30967948041971566,-1.2251780438224977,0.9194471844182162,-0.18170519548628133,0.5333674564269574,-0.052104816109208085,-1.0334584244872456,-0.6740173072064805,1.1212124678188327,0
115,-0.6985706620498542,0.9173902573591235,0.04805070666646386,0.33491514376705933,-2.3290411224270056,-0.17054826686309338,1.6663540228757099,-0.745644049670234,-1.8363549621361939,1
116,-0.667930066570908,-1.1205663089150733,-1.5207462166329033,-0.22221947567800546,0.004938775623546407,-0.043812176521834834,-0.961586667171494,-0.07974024353979176,1.0437607001880542,0
117,-0.34847114011929786,-0.134433991377369,1.6707292217109244,-0.002905450275541419,0.5377050874408872,-0.0972135006802546,0.2762805256755137,1.496405311360214,-0.31218609918633855,0
118,-0.626607444597052,0.609232212483638,0.42562257961103717,0.47730239639188415,0.7721196774406992,-0.10263724821162891,1.0613724203301567,-1.149722788141142,-1.1689823047535741,1
119,-0.26700417934191467,-0.7456803895883051,0.5050537522920976,0.5582642185676373,-1.2238796505752447,-0.3968078225066474,0.9259282042892438,-0.1301952082016756,-1.0542135853423336,0
120,-0.24070050175198632,-1.9432028142668676,-1.479580034616112,-2.048200458740775,-0.8556713923944985,-0.7297706578516283,1.1169670225792865,0.014448415017786457,-1.2998377533734118,0
121,1.1552617554181506,-0.058337070517864964,0.15205234093342904,-0.13348866936606069,0.34605774628467395,-0.12335473905199044,0.46558692144521807,0.09611414233952063,-0.5215631407647574,0
122,1.616794227523432,-1.1510107619751282,0.4207551998530761,0.2988350190684363,-0.8837713185733427,-0.09585645834205049,-0.7711274002925373,-1.1054323532277288,0.8302257675491425,0
123,1.1087379256659278,0.2971969330225307,1.224947014327952,-1.0532269735060111,0.07425068210338727,0.031197480683171016,0.17165228730836618,-0.7152321407714558,-0.18370342097348225,1
124,0.5279505543325392,1.2476859106833347,-0.5639864584101567,0.20835292145425172,-1.561119890658687,0.33906377520621006,-0.16562274399851165,-0.8311734031854027,0.2185896271301182,0
125,-2.015498008993193,-1.239507562500725,1.4720016145678616,-0.30061512780074223,0.3640942466137382,-0.038371947415159154,-1.1066286600613797,0.07497342370336639,1.2025467140922714,0
126,-0.37968895545024683,-0.926095558027661,-0.5915662502667263,1.7012349653430763,-0.3710315178948072,0.012467574727190468,-1.0020161735264435,2.054474761985308,1.0941536478442326,0
127,-0.025916098658159793,0.6449831330768288,-0.30663438070260324,0.18622374551821377,-1.9541918157254503,0.295540479546838,-0.5978144574478591,-0.4752552733646227,0.6850463635343907,1
128,1.2941823132591743,-0.9776965837838596,-1.4243336751810016,-0.40736968517438427,-0.7016485321639636,-0.3575876918258911,0.5211578632774421,1.9007793197238256,-0.6083958758207438,0
129,1.0723618705649005,1.8349492171662303,1.4513351157605372,-1.2423005116668568,0.35901654387424187,0.8506239040821667,-1.7425961870072606,0.37457611195590107,1.9956562500686443,1
130,1.6361151221599526,1.1555616767711918,1.0968481478561416,-0.2483058331869234,0.42705853717417924,-0.17195932160488553,1.9164043299603626,-0.15693506698282467,-2.1092075285111718,1
131,0.7640414200481108,1.35457014779507,1.9989920138971085,-1.307971343663687,1.687255223155202,0.10667740156332195,0.9336172658527628,2.160455726859277,-1.0062187894558676,1
132,-1.301894830490606,-0.840083449854323,-0.8841055458017947,-0.24166378467026237,-0.463137061750672,-0.19353069719216867,-0.03654823720243819,0.002908287158088423,0.018186474067873326,0
133,0.6024509012396099,-2.3714913937887303,1.3797581916062172,-0.16119831954123737,-0.8926466735128841,-0.8681438634296073,1.2674485807407507,-0.5596814219185569,-1.4794417396550832,0
134,-1.9439217583317874,-1.0006482920395765,-1.5048912837795123,-0.3571875256030163,-1.1740236765428438,-0.4662616009373928,0.9604772387575321,0.5588029881851114,-1.0996687575689807,0
135,0.07983961125628633,-0.6054366140076306,1.290993371628489,0.023357027569657567,1.3128954115297282,-0.25081564217861724,0.4478547033587783,1.1532126213747222,-0.5164981598303696,0
136,-0.6411078151978892,-1.5706845823408546,1.1770522557766416,0.19417501629377704,1.32269398510864,-0.6550466858447467,1.1804196315396676,-0.35479876201067406,-1.3606689782548478,0
137,0.5544575388744446,-0.9182349809182693,0.06465569336967153,1.3012018917862487,0.5327589038428345,0.22978372517460943,-1.9195003850927002,-0.37608577925288844,2.1190591231505858,1
138,0.011436571155416278,0.37549641658702704,-0.7100525489930525,1.6883837829950057,1.430932797842637,-0.2227137504259237,1.33327640697631,-0.7956266127891249,-1.478955724995288,1
139,-0.2146538422260227,-0.9471899070920835,-1.0195198494057163,0.5247504922968238,1.0212481260989013,-0.4619437036884398,0.9968632967804849,-0.8300109855676734,-1.138866375234263,0
140,0.5616380965234054,-1.6397973183361862,0.6087490823417022,0.6479248123129182,1.514750382482251,-0.6384905653216829,1.0390920647510928,-0.8648299414655872,-1.2046890091502866,0
141,1.1203617995751336,1.3123397078936025,0.5124341468056791,0.48691035347378325,0.8604544477785941,0.6775931848132921,-1.5411553180626794,0.4040681051477186,1.756597199117235,1
142,-0.4587749755420541,1.1038015195201372,-1.6364740109452613,-0.27548108296472534,0.7228226834002522,0.5066091300242306,-1.0266200846992901,1.3402719103293055,1.176319526479167,1
143,0.5322881797215193,0.25328938775086485,-2.4529198628005378,0.9177471118740052,-0.3175893278301259,0.1200181674553986,-0.2516200893136337,-0.045382556696442526,0.2878461056859656,1
144,-0.01900052154731654,-2.114655611101959,-0.8801890645415797,-1.5645078538111965,-0.22676019216958399,-0.7137599418797465,0.8731002712564143,0.8608912410184296,-1.03209385100699,0
145,0.31671499153867405,0.5650296587366135,1.306830585767448,-1.0561721364058085,-0.6104632434424175,-0.541064616919014,2.883320576523174,-1.427015628711627,-3.2050188598883524,1
146,-0.03080131206130836,-0.0715133619466477,0.4307776327618067,-1.1421963009115637,1.578913904941558,-0.13522217369730347,0.5026287297888302,-0.03233791224007781,-0.5632883227568317,1
147,-1.476898981185481,0.2876011342042377,-0.4024676245696163,-0.4656597324338331,0.6389293194198086,-0.052034281193663746,0.5162998841985293,1.724391719951887,-0.5688821574737558,0
148,-1.8194488422044683,2.237138612930109,0.2977990384609698,-1.4052576600099997,0.2533139057227929,1.0850915040390334,-2.329081260381133,1.594137379633442,2.661508326171715,1
149,0.40665564934853815,1.1173908854953227,-2.1606280042996677,-0.6486357676015769,-0.6005043386242819,0.19618810482807844,0.30937161684734854,-0.8007870395667669,-0.3154188290124815,1
150,0.26491995671020135,-0.9098175416393004,0.0339287983914027,1.0548684521714893,-0.23531236975478179,-0.09360399523850933,-0.533583563088077,0.8712482808892801,0.5714224816127178,0
151,-0.23541095803671688,2.3385043664684244,1.799211810942495,-0.5442459107735271,-0.7710385133282165,1.1397759850607887,-2.458115982555268,-1.3552714642976345,2.8083518314894196,1
152,1.0460151208496924,1.6552174187863289,-0.9991095128812628,1.2746684771773753,2.0631854387843407,0.8136433816729283,-1.7692589548692692,0.5868847453565396,2.0205924944272535,1
153,-0.2546330654656022,0.9221177109524167,-1.062928762372351,-1.8994630996214505,-1.168961344799233,0.3151763115200599,-0.3974784461579544,0.7311453695585632,0.46876698466277733,1
154,-1.8792869914501684,-0.8436611732151488,0.4821757484334599,0.7586370630214484,-1.0980831454210314,-0.351957826242811,0.6345190060465503,-0.09107873492717967,-0.7313924337295039,0
155,0.10380768108867151,1.3145598262961637,1.0039964033226745,1.3362367180035077,0.14968752877271832,0.596750635992569,-1.194576160991813,1.4118106063787874,1.3695795262863726,1
156,1.4454453080128968,0.3706255689210243,-0.396293291842643,-1.0433996069036862,-2.6210116358079985,0.15329686502253337,-0.27312467388150113,2.0387771395785603,0.3150246606559033,1
157,-0.2612019194565117,-2.129352777587367,0.17794555796161068,-0.9230779570843294,0.8632633989374148,-0.8484691095249893,1.4317604556048427,0.17405446616172857,-1.6564303219402126,0
158,0.6147262758274484,-0.5827547303865845,0.3535672160026291,-0.977773001532967,-0.34898419091555255,-0.35411877610287124,0.9110583628981769,1.0056866803112163,-1.0332168388858152,0
159,0.7842731671070845,0.9148233730857109,-0.7776383573759467,-0.18866633890511852,-0.3192808587483191,0.07884651117537438,0.6015641321321004,-0.7620848052451318,-0.6472118277221376,1
160,-0.2622538736045713,2.354837580868714,-0.5469719130389167,-0.20290850458368503,-0.44662665045176814,1.1185543875616926,-2.3509985566702585,-1.349175206963777,2.689157592635657,1
161,0.6521796358150284,1.4592895779251933,0.7330725605424461,0.18919875182509854,-0.23148483037082923,-0.34366126829150084,2.958886931353912,1.308932334281501,-3.2653232258548517,1
162,1.4587732107662719,0.992404773643711,1.6485510899956075,0.0010547699418268317,-2.0262064158338595,0.08923254395845989,0.6368237886794933,-0.4379082110154881,-0.6845015298329689,1
163,-3.0641413561051007,-1.1537982816381442,-1.5264276993735633,0.31742715534436644,0.11537031328626592,-0.07582128152041683,-0.8593124181469529,1.2871269332031163,0.9286402475418624,0
164,0.09986144802354702,2.013860344374943,-2.182425399509166,0.015749245653221937,-0.2056777237581383,0.9711350146972658,-2.0725268661344427,1.230299344816437,2.36895985637865,1
165,0.2963696717799263,0.6727706688763688,1.3165064027087494,-0.034210800092609434,7.512221247400476e-06,0.2795509532152595,-0.5012435670024966,0.46101596374318504,0.5779396276861886,1
166,-1.0933039087690002,1.5010344687857033,-0.3719599408387549,-1.0350381702707547,0.22445073469377033,0.6340261735048152,-1.1622608389948252,0.726679966035482,1.338511875139806,1
167,0.8445184395768823,-1.283457286603744,0.5790872157500357,-0.6333746675376547,-0.5367054182072711,-0.06595196375210959,-1.0341995454801984,-2.160269413049301,1.1204701031421314,0
168,-0.022359372022848555,-0.06635881670828314,1.2334249092992629,0.8725789897317252,-1.4004699771244002,-0.4850969081067205,1.9980091034564706,-0.8077223666950638,-2.2332674114360502,1
169,-0.8635265965180466,0.5990382372738633,0.5801776447125971,-0.33852572514158347,0.32681306197752724,0.2962092941820401,-0.6477400246191193,-0.2814993205506845,0.7395680226677792,1
170,-0.2669302956497443,-0.8114742076872681,1.596771898021652,1.156962497058231,0.7091571718730512,0.08952478374591064,-1.2127529575910296,2.0396722657066246,1.332603347124332,0
171,0.42300320958327586,-2.691016377473952,-0.2605605906223512,-1.787737708417842,-0.1342485646303186,-1.0549155265330197,1.7355005881440273,-0.1208893104863365,-2.01079461535584,0
172,-0.5301198002000516,0.9558371223332902,0.9327214136880919,0.16056499174251157,-0.4072400240119308,0.26354494063484696,-0.1430326865169917,0.19975955519262756,0.18549725849452803,0
173,-0.33935977058127165,-0.7618624779443144,-1.0344629811999486,0.28022915571566703,0.5776123357717127,-0.2156763712401133,0.13791764632980916,0.23327972705604186,-0.1745586942015913,0
174,-0.41607554416018283,-0.8414780339134571,-1.3185225114045476,1.7642850588125585,0.6316571009908744,0.14916544433029744,-1.497502728510407,-0.6264565463300497,1.6498182573069387,0
175,2.82729979405965,0.5957756797803291,-0.32674455138175723,-1.1734099063320942,-0.843911487937803,0.2539981449065868,-0.4713078309564993,0.008359162757482943,0.5424315499359131,1
176,0.11152987853981361,0.45140081864900927,-1.4342137169891076,0.06639269984569035,-1.271167723089402,0.21505289007015765,-0.4533746617343651,-0.3033511147770679,0.5185132934222959,1
177,0.317857879102256,0.7919928432551708,0.8582860008822079,0.30733106704705815,-0.42666728403845283,0.5752970489049196,-1.6386510602254947,0.18621169846960364,1.851466936553337,1
178,-0.04416079984017279,-0.8500242125231964,-0.877246861311612,0.42059339168511295,-1.5400790713414785,-0.07679760634535836,-0.5438943028814377,0.17368027267708264,0.5845489252704763,0
179,0.6585368715597955,-0.8102831068656313,-1.2776363350812348,0.6678795613643351,0.9989016489932808,-0.3699445102269291,0.7453239883904356,0.03261548315667647,-0.8542459247057059,0
180,0.2738270906665688,1.5685164999513652,0.7479633293378322,-1.3224429713422496,-0.17008356268584848,0.1929843334076585,0.7852590555138017,2.167937070050156,-0.8347608091532062,1
181,0.7166843102595768,1.5181085682840618,-1.2336731524814668,0.27713883157577573,-0.19177684339106474,0.6734324260679517,-1.3125952184602658,-0.30936877839864435,1.5068730558282482,1
182,1.3305061151948567,1.366433681763614,0.7380536853593032,0.9885106422191401,-0.010089768356528127,0.014702040353804678,1.3374915670328542,-1.1810628977377973,-1.4569668344898254,1
183,-0.718420956902102,0.27135390657015557,0.7128772994560211,2.08974091704949,0.07447709492304472,0.07696813682206047,-0.04976250124254172,0.10418997587261888,0.06288780819793005,1
184,1.4259420274975507,-0.8128173380283528,0.6926889116345142,-0.573360729257128,1.4583383367524927,-0.06569753878422672,-0.5530451630115372,-0.44832310672258224,0.5957714593206136,0
185,0.4762838157069839,1.802759477026457,1.748361966154716,-0.021059386083835164,1.058128734316406,0.8634213483888853,-1.8300828497021044,-0.5787539333295567,2.092498652949418,1
186,1.8035889814864974,-1.7224857982237247,-0.6059813205385978,1.1612856933418074,-0.4525249732840256,-0.7361420237318843,1.3702585104220055,1.923815425970925,-1.5767804724653556,0
187,0.9255012147023857,-1.2939189020746957,0.9498088152113293,1.0689859716189178,-0.4569878575935375,-0.5094072148235932,0.8437345263475139,0.9312556787681191,-0.9771854048138157,0
188,-0.7259800553524552,0.9075078111222764,0.6663810561258107,-1.5375348412154786,0.9794249859599479,0.42769808657728725,-0.8916729298811814,1.5870825219388973,1.020315280492949,1
189,0.19038723727463625,-0.8447200798800052,-2.1721227104650143,0.36986047372036,-1.4052275440762696,0.032784699675841585,-1.005164961067444,-0.7947026517589073,1.0998626931067048,0
190,0.5542525399087611,1.3746834678129471,0.0047678317763124615,0.2518597032535034,0.1465320727650737,0.4965543222280288,-0.7062398533787869,-0.3626459187674246,0.8258001183849957,1
191,0.5356705893698189,-0.8127302248720548,0.2251894342996509,1.469487707806396,0.3879211149003179,0.23066387794095206,-1.8151441932449621,0.2659301443682517,2.005351121652209,0
192,0.9525478184314949,0.7180359492598504,-1.458981958986978,-1.8117537147191385,-1.6806744727713117,-0.31755275117232423,2.088171677298385,0.10059341767972574,-2.312833438140512,1
193,0.3843593530746588,1.780315531951932,-2.4982127142596626,-0.5007015751875076,-1.3106545656253938,0.2759969134190623,0.6487310863386627,0.23732436396319365,-0.6765733029956771,1
194,-1.7869354037797818,1.6721884875726611,0.07487609788866709,0.9762962980812675,0.16521058652925405,0.22497632796237127,0.7552335526851023,1.4723963067285686,-0.7984337767293431,1
195,-0.5328319611205531,-1.1519612624220685,-2.103492781801827,-1.5304207351052828,-0.3050539939480451,-0.14900071319892436,-0.5457626294756527,1.476413992844696,0.5785011565207028,0
196,-0.18494936447121513,2.405014173565588,-1.847187510881867,-1.5972142442577566,0.6611144634726759,1.132246968575502,-2.3579014685412214,1.6282387080178005,2.6982189160953673,1
197,-0.5784269725316454,-0.8461460165674815,1.5045218666646716,-1.1397000880327837,-0.9976208418380527,-0.4014858903754264,0.8429104495621287,0.5677647396556529,-0.9642016934399777,0
198,-1.4583359393639643,0.7083783968908893,-0.2664905609060913,1.8358695455399285,0.9513818124799459,-0.12711814446685527,1.2672247713181743,1.604323943116341,-1.3962177582370954,1
199,-1.2514994035400624,0.6107156879546001,-0.562829044435584,-1.896277930424392,1.2985716217739778,0.25042212182571266,-0.4407695534936402,-1.3058329534318514,0.5087273211413568,1
200,-1.564928767972624,1.6209629095651954,-1.9430994123029217,1.135339228119035,0.9521821267404129,0.7347938283539294,-1.4685413395942548,1.2041275262588091,1.6838127036866999,1
201,-0.013304221307496948,-0.6057489453444922,-0.6167464250611666,-1.3587968411019296,0.858011452091081,-0.26827011169093334,0.5218723783906354,-0.7299266122876394,-0.599173332717874,0
202,0.10759493816851504,-0.6042565191837501,-0.8360494800523847,-0.35858879766530466,0.4269243288256842,-0.23412422472251376,0.377975976305585,-0.030296779438812003,-0.43842219939193194,0
203,-0.9125867671295468,-0.9001523637676645,-0.600450541555805,-0.10823276892106413,-0.01500073249781529,0.16497680972821524,-1.6249627802770086,-0.9245095945483305,1.7905914886846919,0
204,-0.004276254670764191,-1.2346523674403413,0.11138164353145052,-1.6118546409077903,0.6983462926143922,-0.29381964419746137,-0.013714992608468738,1.475183478308824,-0.01794485638574117,0
205,-0.1366380997067782,-0.8763585385953633,0.5551699735190978,0.2608272771892708,-1.3638680246204355,0.023910738200189127,-0.9997893355219913,-0.14461931987276866,1.093006553154295,0
206,0.9104236030030839,-1.4490691616051934,0.43499832426284113,-0.4234782972255359,-0.9484396564537968,-0.5802882787638899,0.9866397545211864,0.23333912626012182,-1.1409692021201998,0
207,1.0370389817739079,0.2317836846481809,-0.03599018172719132,2.428876969522979,0.672619748121479,-0.021675206528997466,0.32980915680319584,-0.47712420646933207,-0.3621034553299206,0
208,1.8629130897734716,0.9761621038290705,-0.2712287151202614,0.8350583653611483,-0.642873594919632,0.3571200804453266,-0.5207386243135554,-0.3123921151914365,0.6078863080655506,1
209,-0.6495935481591003,1.7529867915609656,1.4273293869368373,0.6720285679819714,-0.5890801512833148,0.8836537242198045,-1.9672507530756282,0.530921212786579,2.2443539309085088,1
210,-0.7606047569132228,-1.1533012761628283,0.5158867189559166,-0.6799438007764532,-0.5667756498026532,0.10031210231960308,-1.6089463415918723,0.6872662051836544,1.7658834805915529,0
211,-0.31663164258546,1.830907513063599,-0.5516802438110113,-1.2162710225821391,-0.4449950027159164,-0.18407906748200287,2.660010151310869,0.11197268749652817,-2.9215105492523747,1
212,-1.552705874771751,-1.0018915505830457,-0.45830203800475466,-0.5720258872130943,-0.34164325129870976,-0.13642273528347845,-0.44556371003381556,0.24692273113875693,0.4706368249264511,0
213,0.906261413418604,-0.9832807930115779,-0.7462242754132891,-0.14259029182964555,1.4666247402727144,0.13591307756529164,-1.5863587840361124,1.0933066330173304,1.7452370111942157,0
214,2.369730189064904,-1.1314282482285167,1.5586882545223812,-0.8708015526080608,1.5624195294929633,-0.4409449412244774,0.718652088170995,0.4838836493413234,-0.833109263180049,0
215,-1.7783181251316706,0.4223659022260232,-0.4618495049410465,0.5011563909976025,-1.3004737829259794,0.11426518075763116,-0.05387532962123743,-1.438745273090476,0.07154960441146208,1
216,-1.5347000602121186,-1.2469524464278696,-1.0937904454878218,-0.10581326947661124,-0.8512621990105282,-0.1765294498265736,-0.5258511911647233,-0.8725024403880957,0.5537039005984074,0
217,0.39583055113614785,1.3232521596453746,0.8013076084574321,-0.3614038605351397,0.29357208724825684,-0.09711075057017791,1.7694509427102032,-0.7960652494953289,-1.9405646951888085,1
218,-0.4910144326991102,-1.1392089662987985,-0.2301140634512672,1.4275469513273447,0.6793011449496629,-0.4633763651918801,0.806213929827424,-0.521376385408038,-0.9311124641524187,0
219,-0.19311226230054834,0.753605665639228,0.9639369237089188,0.4907613815015929,-1.2028900119713275,0.2780980927623975,-0.4122288878946403,-0.7928637346996404,0.4807011972096732,1
220,0.2608000655858127,-0.889637578677492,1.2039935790829601,-0.21892143049750898,-0.7766036112085257,0.04084590712817607,-1.0855216402656063,-0.12339550999896653,1.1883990671080662,0
221,0.3416885988728869,1.1631898468352593,1.4516789083179342,-0.7758948239718666,-0.12517266458702858,0.420545039255387,-0.5992256349222165,-0.4249831950984578,0.7005833198067419,1
222,-0.3211479800532944,-0.9349721123862663,0.25147344447120185,0.04753462216510061,0.03306390572946029,-0.029964195115242016,-0.8303967110511652,-0.6358466985837091,0.9022410362992198,0
223,0.44838065078168743,-1.0979276034174092,0.3923349111243075,0.10405338970908944,1.1253234986642537,-0.39131616996049695,0.5416118643482851,1.0079664776005783,-0.6344790740716839,0
224,0.5589327357143823,1.1754074573823141,1.0257495478066412,0.0891175300595829,-0.045699923222044234,0.4816137303723466,-0.8467954127467705,0.16743325478125634,0.9774111727972535,1
225,0.546730265916426,1.4623257932718,0.8277914282922316,0.6640795475273731,-0.47738166223266104,0.05021083442834653,1.2845165966476249,0.8298943774311116,-1.3952182483539057,1
226,-0.9487492520091053,1.2375932108782615,2.306927273971173,-1.0754598165366551,0.7662261906874215,0.49275492828653855,-0.8305270095060827,-0.6436341669020254,0.9609171118743987,1
227,0.9174197664022404,0.5484878978219618,0.0805603706020881,0.9156188854932334,-0.37213191587612243,-0.3778747599325611,2.1713538254978144,-0.24006956675279084,-2.410303305690836,1
228,0.1385954791185322,-1.2986712653210346,1.3035754514576023,0.3807434533098883,2.0841228476909004,-0.057031906339681214,-1.0877785169931469,-0.08060699432624299,1.179899986871617,0
229,1.3149407875180261,0.248708696111842,-0.8030726661534776,0.29100454237039114,-0.018257535174047008,-0.29083894706066954,1.4935060149471089,-1.1373044112741126,-1.6613241752822772,1
230,0.08075098862302005,-0.5232343590903699,0.09499611006916124,-0.3645380497066375,-0.7678037460245601,-0.3341501107074745,0.8869999630222264,1.0513207678487513,-1.0047436528220763,0
231,-1.4112934668388917,0.792321750923635,0.940218905118492,0.4632172228765913,0.8841477951153655,0.3697884545015057,-0.7630633339835288,-0.8209053714367824,0.8735742486304334,1
232,0.9332532965859972,2.1937993885110165,0.8736742226670051,0.8336788128625253,-0.21615514939953132,0.23607437970748646,1.242432510469708,0.40577898662854966,-1.3285101181622705,1
233,-0.057681757904337674,-0.9880304859181845,-1.9931365457322752,0.47789455603833475,1.9191687587935318,-0.08669357594438083,-0.6431550414448411,-1.2179733796945995,0.6916904462014865,0
234,0.11236848879221897,0.356823252996209,-0.03681765651702741,0.9154992680625726,-0.1505043256504516,0.06802253821546918,0.07591192514094344,0.5718048788649898,-0.07516926662747547,0
235,-0.09034436761133893,-1.2009126568313513,1.1336134582784587,0.2794013512216662,-0.4887708573317057,-0.34506895153328376,0.23912437715592988,-1.08723367066726,-0.29941993658101085,0
236,2.1503538075928947,1.0569623752064954,2.424306619264515,1.373332455126111,0.9418661752421255,0.19464975699642068,0.2540057077032193,0.9648881368696258,-0.25521131478630277,1
237,-1.749405421729222,-1.0391413841600408,-0.9245412115760476,-0.03637864376409459,1.3259226834884819,-0.47279062524144255,0.9488423427757193,-1.0372891693549846,-1.0877113384192374,0
238,0.35313325447531546,0.7723575181065933,0.6695926959117037,-0.9774007100227984,-0.08432253269598856,0.30077055489607,-0.4895758019966841,-0.31560320940172826,0.5675914106974362,1
239,0.24967101487352886,0.8686200439148892,-0.8912576389118602,1.1139527418808068,-0.6631558312958422,0.42580003201012645,-0.923435292931559,-0.23558565194673464,1.0547414605039918,1
240,0.21807849778616917,0.739344362250856,-0.8899615103210368,-0.22357488745522028,-0.3178155663147815,0.14484216048320225,0.1406886446091074,-2.539955403305674,-0.1372098413679348,1
241,0.25130963208627743,0.5648323797459525,-0.3009307161993995,0.08338883723590933,0.9282902149250671,0.1856838697087755,-0.2120666249745171,1.2239360089168974,0.25206395956235794,1
242,1.7170887330563231,1.4182826235275172,0.6864826401316457,0.3002536763201884,-0.8042769927232138,-0.13684613456377323,2.0360542411787694,1.5292478634014344,-2.235760821907566,1
243,0.7924407685637149,-1.1287159966128757,0.14088730311117162,-1.7507575847901604,-1.2671073005022024,-0.009540040572423346,-1.1159004825061352,1.9922047356774588,1.215886772287935,0
244,-3.1533574501910486,0.6116017760035393,-0.841569337976489,1.2821418300893201,0.6451526531285782,-0.031225743234407025,0.759662387977708,0.5859527865195064,-0.8319531359483043,1
245,-0.20269390770746232,-1.5893853287764546,-0.4641149056482057,-2.1810279670819495,0.14565181728648766,-0.585216987429555,0.8638568861130503,2.5654527807167797,-1.0076191832293204,0
246,-0.6232799937115168,0.7468990222587841,0.2587424943122645,-1.112314290206408,-0.5203610271366949,-0.15100733320476684,1.4084375104857785,1.6332762095790374,-1.552893656507639,1
247,-0.04038520788361578,-0.7414402532193143,1.007566985398126,-0.5858437473736149,0.6489736060200502,0.10497113969171201,-1.2067783999421138,1.4881415667730762,1.3278174205379785,0
248,-1.4702370890213132,0.9597245887381556,0.5992132354592584,2.293717612357178,0.6064039443038369,0.19640673338130948,0.14688880928482928,0.6754538092042119,-0.1381972953426529,0
249,0.6666106854061105,-1.3168383936981192,-0.009201544243399692,0.32132583346258753,0.10039172239954759,-0.5192874307422993,0.8623295679689772,-0.2418018653228728,-0.9985707751385773,0
250,0.33311455047149896,-0.6422650586285108,0.3144319337524709,1.0810929930210922,-2.0325397888215875,-0.17379481793186363,0.08209089612510514,0.6030359101266989,-0.10898645431905074,0
251,-0.5783257170197853,0.23967748573681913,-0.6978099001267304,0.784904647387373,-0.847452537849712,-0.8987490914838121,4.073310817581728,1.0748997485451033,-4.542826592492687,1
252,0.04683135799744122,1.6333097107278447,0.18855331528016264,0.13178230051752346,-0.41749782273416436,-0.04997871311528113,1.8864163016354785,0.5494218269801783,-2.062844458182642,1
253,-1.1029695489243718,1.313875242367199,0.43912737321880185,-1.1032163462730862,0.7594935929950941,0.3114299532222603,0.019888747243629937,0.7153334491047734,0.013184012788404198,1
254,-2.178225097325519,1.9950834189880275,0.21143496899161857,2.014648873999552,-0.3199225871280178,1.0593025073095097,-2.467267406142803,-0.5175805259309351,2.8093205936871755,1
255,0.42377343019450475,-1.2177555131860716,-0.5096687406137471,-1.301959026015963,-1.114967504195502,-0.09864752427757649,-0.8276299389082368,-0.4517559415950883,0.8915325639105974,0
256,1.5846620395874347,-1.0624863103647064,-1.5070755907081497,0.5233729439128036,1.135483968796023,-0.029409486494561522,-0.9634157273279743,-1.0723321101925027,1.047368207991761,0
257,1.162457386956998,0.9544486532529153,0.40675972575016384,0.07972196175027634,-0.464294102344676,0.38859777310247573,-0.6770490626955161,-0.0006130050749615328,0.7818768937796036,1
258,0.35387042688284037,-1.422776565845061,-0.06962453945512911,-0.15323616176709168,-0.18695501653274957,-0.5387815497342158,0.8368052203668374,-2.2772979966603657,-0.9729179212095143,0
259,1.0401527392549108,0.7739367007452567,-1.2718735784146247,-0.8314450803505212,-0.09176419335806169,0.33297296173481233,-0.625106126045077,1.202059351006588,0.7190012137061802,1
260,-0.3240323290200066,0.33557648471402834,0.5079843366153792,-0.8714220655949576,-1.5110766079102027,-0.07204304616015184,0.650673813384733,-2.432508512647113,-0.7176654024661893,0
261,-0.25739499650682995,-1.1782155835443318,0.5165524660423712,0.5820873874833424,0.14936995811488732,-0.41459881881773075,0.5585049656016153,1.4622679827754739,-0.6555091800126431,0
262,0.7794918660522115,-1.7194469285942875,-1.448991548522045,-0.5390325800200371,-1.0863009072108918,-0.5322913499086294,0.5051825538048789,-0.646491026783994,-0.6105371407528541,0
263,-0.3946896809955576,-0.5872967360946718,0.3019600454061449,0.9840122369402405,-1.1718133792211223,-0.357114380086959,0.9191625541028914,-0.198937450283896,-1.0423903828280296,0
264,-0.9028317425037818,2.746495502947096,-0.24282642147418337,0.8575475535903946,0.5815092832414559,0.596371463894784,0.2742616930401164,0.988578084408599,-0.23231694514518464,1
265,0.410872937999071,-1.2058335398379778,1.640553648555269,-0.17144118747753334,0.19136391513892,-0.5304615903308617,1.0236601038369382,0.2791554536346638,-1.175762486860047,0
266,-1.6923025488503851,1.8291544064912801,0.6335088707785933,1.6583993398079262,-0.4250709757555864,0.5255318649540296,-0.3639832413021005,-0.45958183317236806,0.45579406567481007,1
267,0.16466506584920662,-0.13129589365239602,-0.7372896277599319,0.30981675860748836,0.7781741790995664,-0.1369616058731344,0.44878112618362737,0.6065484004132948,-0.5047591273428986,0
268,1.912068746537096,-1.1458036080358736,0.7294430737809866,1.2798001716306422,-0.13034193228200616,-0.09197502184124734,-0.7823227678683105,0.41836191663359856,0.842869616348935,0
269,-0.3322106794104193,-0.9835822686214232,-0.10138078120071552,0.3732609736504448,-0.9636565849010378,0.23862322804788313,-2.024105026926311,-0.5147349220683212,2.2341264789547663,0
270,-0.2254200823580782,-1.1840348765064146,0.9413255845495389,-0.585521746777713,-0.2970874212238873,-0.22521756866245832,-0.2540229021549837,0.3830268697572058,0.25180708922806583,0
271,-1.9878295313946217,-1.6731008093468573,1.1198990035561387,0.6271770353915255,0.8612885153914502,-0.7213352845282845,1.357799343776638,1.175244992708054,-1.5615349634016389,0
272,-2.6006418091130947,0.9917783336503888,-0.5562679686162673,-1.0981486325572187,2.7119498738951555,-0.06331034517840751,1.28585436371016,1.5230967139279845,-1.409389239769867,1
273,0.31801686094946124,2.687796416451616,-0.11415706800292051,-1.1413083218566606,1.2501122262187145,1.3041894876885367,-2.800445096461713,2.729462135445094,3.2000928402730535,1
274,-0.6556166871463461,0.9733030982642528,0.8395342227862145,0.6370253187948584,0.18567535375888505,0.07492748358316823,0.6781759181137953,0.18728869413965668,-0.7312003351329882,1
275,0.6953059952393552,-0.7253200537973439,-0.15860676989364741,-0.18976716644371677,-0.11421826013137606,-0.04747946645019207,-0.5409815253644363,0.9083396901692498,0.5846554093241465,0
276,0.8730058373155313,1.9583006536892276,1.004093104601491,-0.5887796071685205,1.39408104250043,-0.02225190760088735,2.1013289589081823,-1.3113243820094933,-2.2941145007366215,1
277,-1.3768830410058717,0.70985488042586,-0.903442726359496,-0.7574510334031589,-0.41655905987390124,-0.21475189696993274,1.6419653611967717,-1.4248609016543665,-1.814707606312587,1
278,-0.4060709011954884,1.5327064172865705,-0.02194676383127246,0.5904938662003054,-0.6884075431685927,-0.029145551227712754,1.6946064502082683,0.375235451102576,-1.8513316483551217,1
279,1.6306297921390362,1.1261356406695266,-0.5396976528131852,0.9301982055403866,0.1728160841036588,0.3381154184381213,-0.2861293832711625,0.37857557679582865,0.349903003329725,1
280,-0.653824523313264,-1.0209768966910846,-1.1906512335608765,0.6986479775844114,0.35946106565128766,0.12883732409965865,-1.5948485594714836,0.5812382717209089,1.7537032689148742,0
281,-1.367167725038839,-0.8952063024601447,1.5035612241102962,0.48517755366254633,0.06739291981889342,0.1107622802822291,-1.3889978929112234,-0.4769313976443531,1.5271869784069367,0
282,-0.08642687384180807,-0.7102301652030041,0.1836335742581206,1.1459273541343218,-0.21398778156152834,-0.3290852434383618,0.6738249910467032,0.6440999879429353,-0.7716966535998644,0
283,-2.7914440379218326,0.870565814412637,0.2024473569139789,0.4527136222363632,2.005561575887981,0.0011771972512547558,0.8870056121159903,1.521865766667497,-0.9671999321028145,1
284,1.1903232334406804,1.6621764822072098,0.36821948903367896,0.6029790175637042,0.4379181321807927,0.7628625510594104,-1.545855408545461,2.1481782434352508,1.7712713697303657,1
285,-0.45366712472299964,-1.1630633072007022,-0.410216819271666,0.44023450438022393,-0.5894296712511073,0.013556600638881837,-1.249461643726492,-1.7637747157512904,1.3641294257747585,0
286,0.7340118099189075,-0.709261593455826,0.681401910133606,0.6252181869673088,1.0530423760226737,0.045616732593421014,-0.921019340017537,1.0695010010337898,1.0095338759786583,0
287,0.722280123634716,-1.0876941433165677,-0.16023811578968905,0.21302572639485617,-1.9987639441733347,0.16689192870850128,-1.825282561440471,-0.7089367136405759,2.0092664386026593,0
288,0.3208187718092047,0.7975873977415724,-0.8752393871449163,-0.20438481436563963,-0.5636220581843773,0.2876141431904701,-0.4076916881891627,-1.0056893205985844,0.4768187195783202,1
289,0.19731599174779044,-1.9035599253347861,0.5691245958247787,-0.35524151349696165,-0.18644127128388416,-0.806789798302351,1.4856074594927164,0.22619975684315669,-1.7104864040753518,0
290,0.445096710344572,-2.2403053050996666,-0.2604660588653798,1.0603275091568074,0.09811224622199123,-0.8677047651402775,1.3999974010334633,0.2656424025142851,-1.6239448487021877,0
291,1.7066618414821415,-0.9827998499178612,0.9580685182660604,0.71257056349051,-1.2260226077977772,0.04736011105869624,-1.20872338181299,-0.004103064215267418,1.323487266721649,0
292,0.29982520177529054,-0.3065096484353751,0.6269063059702962,-2.1510431552039577,-1.8566414222240666,-0.3941817450555832,1.36473713318424,-1.4340307289520844,-1.532466446011334,1
293,0.9343953739818499,1.2656624235569218,1.4999251635020865,0.7543630698241057,-1.0829776057118046,0.5565790965253483,-1.07358999067917,0.882799066106527,1.2331385959745984,1
294,-0.35169187612357783,1.0498271581816803,0.608355376691552,0.10463232334045328,0.36866569299588453,0.36518720005848115,-0.4796156908475696,0.0576920925776941,0.5639426864478492,1
295,0.6473751158514062,-0.8379103726988555,-0.9216590545137943,0.4895166181417871,1.386825593941044,0.20929447034435394,-1.749933630878776,0.5609180584133466,1.9318422288280557,0
296,0.16893766785627198,-1.1127776586156122,1.4969952476612731,-0.2733771383956191,0.3186246953200024,-0.09711565611168566,-0.7265892559470887,0.11311058187402881,0.7815132986777711,0
297,1.8121770915950168,0.37972646871123783,0.5391382220705605,1.4932228006540538,-0.517489822461975,0.018942797222910937,0.30840768205725905,-1.0895350051014767,-0.3342154937188653,1
298,-1.5870688200862233,-0.9151426036994803,0.9846295039767348,-1.241394259928706,-0.04846433604287023,-0.03503748291927839,-0.7884716659773296,1.2317821873805423,0.8559512047708073,0
299,0.7182907357543429,-1.4667223998486305,0.38560229234432525,-0.11644414827166405,1.2911889028508758,-0.7011626387509675,1.483349274061142,-0.12014997562874898,-1.6961956130345008,0
300,-1.0451389747928104,-1.2213570872134436,-0.027234810560495388,0.2685271684183746,-0.3497816620312961,0.06679848930810492,-1.5359464738986948,0.2594877065664214,1.6825199869192469,0
301,-0.5821924381263328,1.1707234550913488,1.9844112488851215,-1.160443193869437,0.3268129791190551,0.2394146888734335,0.17991862915574636,-0.7253231367820491,-0.16940223345665173,1
302,0.9909861710337484,-1.2284841366182095,0.9079220869128258,-0.12525423890135004,1.2668665643981818,-0.6435320125688573,1.482012538228975,-1.0975098026466428,-1.6882843586482679,1
303,0.31801429641916884,-2.1210061125268864,-0.654603168524978,0.11133726638297002,-0.8902715521082489,-0.8044243194934255,1.2527282742951407,-0.1995607179962165,-1.4562530791570174,0
304,0.8342832052517575,0.2431746390613433,-1.389550238470516,1.0852513203699437,-0.44934584755239315,-0.3126464488105435,1.5807126290864615,-1.0895510984630417,-1.7588701130898854,1
305,0.8029366671164616,-0.9454391594960352,-0.23260288408099675,0.5697512910046693,0.1509254169753576,0.1257603047381085,-1.5043444700357946,0.3806721776381166,1.6546586759618465,0
306,1.1583817949984427,0.46493351400717575,-2.0883470416843757,0.030525287891121366,-1.409971137971963,0.15146949523647907,-0.16871001521849083,0.4328522273782929,0.20094970985332328,1
307,1.4176740129993604,-0.8171050798715753,1.6571246380429256,0.6503232142523461,0.05031708614713537,-0.3132183902076194,0.4967402238193648,-1.7111676596244927,-0.5767985397681017,0
308,0.35528450700622954,-0.557416376352111,-1.0455342473768945,0.7009821215232441,0.7553920291908554,-0.1750407790145816,0.17433699635488611,1.069965538950133,-0.20972577091018385,0
309,0.31396174295537116,1.5727184382450636,0.24241075242619894,2.3016345027808534,-1.1113729323078212,0.7293496390605236,-1.4947881762363422,-0.5124826255142971,1.7118267825499904,1
310,-1.2371647009313789,0.4591891616478897,0.7745345235289796,0.3209710832687655,-0.561876346268859,0.16982745906348792,-0.2527815658819101,-0.5274194569670009,0.2946903981440474,1
311,-0.6609084760600732,-0.955808960853482,-2.03590243500699,-0.4254190248049608,-1.1652180020300364,-0.12596275596687917,-0.44289402651495136,-1.3323052935164283,0.46889668441952537,0
312,0.7713352922468742,1.4264796952271408,-0.793145315094652,1.397273258509965,0.983638642215719,0.6652792703406695,-1.3717582309560976,-0.703614975856491,1.570480809640619,1
313,1.3197259119719253,-0.15141481611981833,0.5039062191897026,2.1138237591194438,0.9139508148791163,-0.3407334856007311,1.2960205448185773,-1.537028866939562,-1.4515418426842754,1
314,-0.3678322013658868,-0.2623612954694017,1.5697555099121938,0.8041228510204734,-0.11229908338733986,0.17039019219992976,-0.9945098991800626,1.0414396343771428,1.1036517559584955,1
315,0.005778391705293282,-0.14841526105928504,-1.2058669118259404,0.3778297912979604,0.11236384565475019,-0.1803248377525243,0.6159216970473476,-0.8344983354558086,-0.6918915492583484,1
316,-0.053483692735156345,-1.2847655515213354,0.1751677292180687,-0.22102890178833562,-0.1830619869619735,-0.4117913991407107,0.43737261998725485,-0.9732675852492401,-0.5230928632150036,0
317,0.20901228007003622,1.5627848936931859,-0.48272686236554857,0.053782404427079926,-1.7644080806307176,0.08159164614052579,1.2538020280147255,-0.03848246228477962,-1.3582081892963322,1
318,0.8159891538121661,1.3412346401927713,-2.032167323739674,-0.8384502906325029,-0.15364732494142597,0.6461945838607148,-1.3778232717143495,-1.0409628473237882,1.5749579938882499,1
319,-0.710500674666955,0.24558978809557686,-0.011734214376557668,-0.15684261051476847,1.3798799010709466,-0.1541138327686455,0.9080048983386045,1.8975108071393503,-1.007490344843078,0
320,-1.0436101925859638,-0.7995974047426314,0.6560151814185348,0.018317264871405513,2.377348875883683,-0.06859490171170302,-0.5271597276579039,0.7522698590240822,0.5672174245414776,0
321,-1.323745411228554,-0.801546980767956,-0.9498638594876591,-1.314201032526822,0.21633295762047405,-0.3442658608340246,0.6449113300448772,-0.9889644570915376,-0.7418645291979862,0
322,1.5944646318222213,-0.8276367312855838,1.175178687557355,-1.0307980277587836,-0.8954415239499194,-0.43618500374599173,1.009657630101483,0.5866185186008445,-1.1499348939173322,0
323,0.5012748490408392,-0.8295387222818332,0.15258149012149536,1.0169956856725697,-0.7864027706953625,-0.28236329370311536,0.35258988217620535,-0.35410888355969,-0.4161389724522868,0
324,0.47534051728142246,1.926057717619163,-0.6881593072259579,-0.6913085383825598,1.7507218048489623,0.937479559406856,-2.019156337371834,0.565973205432593,2.306987427070052,1
325,-0.2786813476594679,0.6153369938609992,-0.8576003202029047,1.5138407485294787,-0.6220121543392613,0.21064093226444003,-0.26660828933690245,-0.5357956620139959,0.31433953688866423,1
326,-1.0700169041291103,1.3817669481416712,1.5496088532112626,-1.2891300394749206,0.613951564079822,-0.004772901195843229,1.4361454837188117,-1.4005944466686508,-1.5667355289475005,1
327,-0.11009695831866166,-0.8095191453003712,1.0844185634328798,0.7754801738720201,-1.2129749711766358,0.07176852759669415,-1.135126719246438,0.1476024359868073,1.245959029844294,0
328,0.34035496225335726,-0.5473221561812125,0.2753082795462006,0.08343319476319257,-0.46469446882460713,-0.37869798953404055,1.0520457320992536,0.09038024644506985,-1.1897242267815402,1
329,0.24979247394889875,0.9531970225816626,0.7847891910603184,-0.9197739705244747,-1.1575168377245606,0.4849370253846664,-1.0886355420625056,-0.13369387223934462,1.2415241900192755,1
330,1.322013784498662,0.5671203115017764,-0.13296578186014174,-1.4014961881101127,-1.9122382859697469,0.16816194840911722,-0.13509733461172882,0.10535739192515123,0.16616232343621196,1
331,0.9071438675546177,-0.847241468884627,0.9153761413074754,-1.235249995930351,-0.3329940622799779,-0.07013880625052454,-0.5694024768166025,0.7225664471510274,0.6131127392415081,0
332,-0.07605096615502983,-1.281862307904889,1.4231771863257672,0.750374811492497,-0.32686607871554535,0.062275311297196254,-1.5786787430021718,-1.551657639191818,1.7286155334744169,0
333,0.0786920498406861,0.5606533279435031,0.5441240835875532,-1.5260351879826028,-1.1933686903629275,-0.04096396043598178,0.7489329880455483,0.010712426627731694,-0.8213425782072965,1
334,-1.5295979793746663,2.2055073016120263,-0.7606621655012265,0.4726903170601264,0.3727604823882885,1.008021734144204,-2.0332558111521526,-0.2641389428883686,2.3302630298182776,1
335,1.8125278151175406,-0.6385649605473933,0.9351477795910749,-1.4191487771444868,0.14010988130475283,-0.32395761674366236,0.7254179440857749,-0.20975293542255413,-0.8273876107434246,0
336,0.6895928169178559,0.4177203986442347,-0.222612409447839,1.0839519781997107,-0.2477975061075331,0.118145094957213,-0.0751596711220288,0.15990174327940532,0.09519590179619275,1
337,-0.6604431907601538,1.060207481891188,1.0542070356357671,1.18901075705839,-0.8168444258601902,-0.013970766465609994,1.1458350456062136,0.47279300368474003,-1.2511649079991223,1
338,1.3575664779629646,-1.2107743757856482,1.310159231391461,-0.4843021166665138,-0.09016931708943247,-0.10311906681817357,-0.8014326911901045,-0.8451954290642419,0.8624622031191305,0
339,0.9110824343340161,1.2941417271034612,-1.7761734421419468,0.764502119196767,-0.36583665398201864,0.6033143857078221,-1.2434521031770802,0.6003944961151911,1.4236166212699686,1
340,-0.5719799781794557,-0.8910718447697773,-0.8116100105728403,-0.8961304362464841,0.5784105367328022,0.20831288450941204,-1.800224640810024,-0.959032616980715,1.9865776132729898,0
341,-0.37911961080083867,-0.5645218922351594,0.3270684075693673,-0.6912689567621623,1.7979193663881117,-0.3355098181935537,0.8504859034151502,-2.3080385136282993,-0.9650751844387173,0
342,-0.9129454192771608,-1.2653014057692684,1.5936855595216861,-0.7510309471783471,-0.10539007040558325,-0.12325079830125796,-0.7715634084790358,0.06153397186295915,0.8276336476787021,0
343,0.2390447056304451,0.6077657277342134,-0.34909369658323175,0.12125495370357839,-0.8893309139745152,-0.1004529756548638,1.0505670904977993,0.6028630022873442,-1.1569538630990726,1
344,-1.0677023428943548,0.5789837432874976,-0.9316815621596365,2.047654837143558,0.2112336611600396,0.03206654503610308,0.45668189078108173,-1.0713798803867007,-0.4944476387364066,1
345,0.13887887453617104,0.49614742837280423,-1.500176883494792,-1.3356954516986081,-1.2041013496697026,-0.6031196306582084,3.0770300420650547,1.40061788580469,-3.423219324855841,1
346,0.8610462424060725,1.5257405529079007,-0.5866597964399874,1.2861262484521878,-1.797116092354214,0.6728272127720678,-1.3021975854157073,0.6854164476855812,1.4954660542072915,1
347,1.1646711622989354,0.45058546704504354,-0.25659485841042906,-0.8669552184321473,-1.3836786015679183,0.174821486234848,-0.2828665912323552,-0.4181239219167975,0.32805911666948473,1
348,0.2648676257857707,-0.6977164072110009,0.3189718257204604,0.5732654485250398,1.04003845453448,-0.3440040816775418,0.750185704333773,0.8860899202069914,-0.8566431079619952,0
349,0.876199862650358,-0.6948601009583418,-0.5870290051548038,-0.3971256828561419,0.12325546357279293,-0.41540319162486516,1.0571975981696058,0.26187547894034024,-1.1994528803427655,0
350,-0.6107950028484128,-0.976253444659031,-0.4481118060935155,0.607946586089135,-2.0299450691852883,-0.1030714917247919,-0.5613350623797899,0.2387958575229506,0.6006269544401481,0
351,-1.6183179316099756,1.0425091502596489,-0.07449741537318715,-0.8598270238675055,1.8615651022774895,0.054216698008090654,0.8372936088971461,2.384405138467877,-0.9070467185994752,1
352,-1.581368005190903,2.19030149567681,0.34172522132346783,0.6224949307878803,1.6102040229900612,1.1365311614892135,-2.596151488716682,0.8963216468688703,2.9585243094334936,1
353,0.5465691026603778,1.6107427792944713,1.7406750640355182,0.8323518154376313,-0.5851352797686908,0.7928758436621893,-1.7263816919677448,-0.41299433809262887,1.971506774554586,1
354,0.949268086233381,1.9164599442812134,0.893784105381041,-0.615491639425755,-2.17071105907707,0.4021864370143053,0.2507957150528505,-1.005597221955974,-0.22847071537143948,1
355,-1.100346396145693,1.105393309227755,-0.2630812529374809,0.5248509452500714,-0.8248275939563184,0.506985359015093,-1.0265914086440897,0.25318954811736005,1.1763303835987486,1
356,-1.1626214343860233,1.2393002382199498,0.6126584867054992,0.8200199055267631,0.12025014650600971,0.570269374295914,-1.1589080222654407,1.6581722542565447,1.3277159584720426,1
357,-1.814727087567263,1.0628081238081715,-2.617290094387935,0.15237420731890447,0.1817410298295303,0.0017711958765313093,1.0814555536259187,-2.318428477687406,-1.1791925064130484,1
358,-0.8281475891882739,-1.9645754644956683,-0.44730816175337745,-0.4293859732130132,-0.11072841404109841,-0.8090036715796562,1.432517083997434,-0.982160958028669,-1.6528361382366268,0
359,-0.7106557706807829,-0.08564792354587958,-0.3122296613778122,-0.6212517704302448,1.1311286004249619,-0.21371416516234706,0.8224392722665166,-1.7745959882248337,-0.9208500331112146,0
360,0.2756640751500719,-1.1587016174352185,0.007388983706183854,1.3879738095489653,-1.7632498009912314,-0.5110318227487337,0.989203104095643,-0.19993939322127943,-1.1360093621217258,1
361,-0.6225374536090253,-0.852431772327505,-0.262467702068275,-0.7915337654795832,0.18116908947882018,-0.010767616360035955,-0.82757958131381,0.9425131430139393,0.9013184195916149,0
362,-0.7363771349439864,2.754081913272863,-1.0911905567541966,0.5675153985187859,0.0804071303898074,1.368603258037893,-3.0068611121999664,1.2279086981752831,3.4324146781351774,1
363,0.5367648452373013,-0.7567934526692471,0.2474538689467184,1.5214340450144985,1.2765497755140973,-0.08427662574375036,-0.4165132846525669,-0.9849285055946012,0.44479493896266553,0
364,0.4798523711538174,-1.1337942176505478,-3.053764380426305,0.578464420256242,-1.5526987831768355,-0.5446970214936095,1.1581026782553607,-0.1920036966310444,-1.3239740968083287,0
365,-1.0978727092313199,0.5766048932140662,-0.0030922379575568136,0.5469982296454587,-1.0001157199466832,0.2471083764924692,-0.4616078693750237,-0.028045418922321503,0.5310816568918002,1
366,0.5014295898933301,-0.6048290002751091,-0.8708876496519611,1.6316915136307972,-0.47861407386118443,-0.3387693777566365,0.8230678035467888,-0.28638491539517374,-0.9355391398078118,0
367,0.08528298217914626,1.728650506256617,-1.5357522087918913,0.9237559690639651,0.21332926939765448,-0.06618027849267141,2.0531082356351584,0.6665899190285886,-2.246446057529173,1
368,-1.6497503040146722,1.2830200992845417,-0.5726018173106335,-0.02696438928302991,2.1345515589126642,0.11346778356188833,0.8313841102974018,-0.7861212702401676,-0.8939671389483128,1
369,0.05830738274408399,-0.059324078786755385,0.2886167156768053,-0.40178883383188707,1.6319358486550282,-0.13355453238615475,0.5080159943744589,0.1628082503067918,-0.5689767093046691,0
370,0.9558766473644801,-0.9374410873890222,0.8528334249127995,-0.7882764611222933,0.26140203554021957,0.015073812676159556,-1.0247411273090794,0.9768032555621365,1.1192283915967889,0
371,-2.298205880537852,-0.5581382739517717,-0.8399889146122471,0.3166372357039576,1.456527386472777,-0.28324125354326146,0.6344176594973014,-0.019522558320273307,-0.7235870420087869,0
372,1.32041791273182,0.5715247047357035,0.4715342680872849,-0.08157001965169976,0.9566894896320624,-0.15637008082582268,1.2515811009582452,0.5189693714083458,-1.3824330419201445,1
373,-1.3614540401483557,-1.0824675315529058,-0.16043520807602724,2.42497747453344,2.843938569739298,0.01448470333981878,-1.170832482571457,-0.530931964302213,1.2784836327950355,0
374,1.3492276782627104,2.0244191233235327,1.9371315806243106,1.0090902626721503,-1.2751138646701632,0.44730418580671727,0.16926112956311573,-0.6960276712961552,-0.13450018162474242,1
375,-0.9827389700521454,1.5569989704764584,-1.1664641491312413,-1.155715954115885,1.0362427757607,0.6690366264751769,-1.2540249488338997,1.4391354025339331,1.4425064935776382,1
376,1.254848753511963,1.1737038569025406,-1.1475100576742117,1.4947691825286369,-0.02110381939647485,0.6107082979552254,-1.3983482316425306,0.1949556147899143,1.5933679222302417,1
377,0.34284631059528275,2.721563792342435,-0.04520646971031836,1.9118295120412165,-2.1649275694062022,1.3439102295325025,-2.935014219769107,-0.0038299430664775406,3.3512962989504067,1
378,0.04992248806785643,-1.8498078067906425,-0.2820059024109606,-1.20115565525345,0.2194774937754363,-0.7834989614047428,1.4414896988995463,0.815600359710878,-1.6597652900803863,0
379,1.156954884598025,0.5458743386810015,-0.7631426010826766,-1.5740734251337336,0.5405331612446118,-0.08513674818545237,0.9219194686952656,0.953992230218348,-1.014940962237906,1
380,-0.4210968850658138,1.5676223463710413,0.43824139301753284,0.20722994601150022,1.0105737112975397,0.22820122999870296,0.6343558851832521,1.4025015262856404,-0.6662484517955326,1
381,0.9301569973916998,-0.8454648336612728,-2.1990579909687993,-0.5634729105734868,0.30005125894933793,0.09939100737834397,-1.289600964837713,-1.3874779344949346,1.4175154334699445,0
382,2.2158433358479184,0.5358037879556012,1.0729310979967936,-0.9613638025614542,0.8264765570684348,-0.1684820657069463,1.2665642420793939,0.13610446388547395,-1.4001293354760902,1
383,1.0116959457668908,1.7369565742796642,-0.15118582188059088,-1.2044774365748985,0.5392538227271283,0.8211238345814587,-1.7173643657245021,0.14855654928392611,1.964836054365914,1
384,-1.4070641104975221,-1.1166586850533153,-0.4728755590295527,0.18858291237770644,-0.44747327272963666,-0.009783486210045243,-1.1025092190149157,0.944284729199289,1.2012555513783705,0
385,-0.7461737106573472,-1.8612861900775062,0.7182163825618534,0.7678181289908628,1.8723032622753264,-0.727525831881626,1.1913417242186657,-0.7283500854473723,-1.3806963617977888,0
386,-0.8431173300928395,0.5587830985603937,-1.6243589631658872,1.3814994155847962,-0.3921689753142158,0.21470132852758156,-0.34184886908681195,-0.09728584530160729,0.396848493744149,1
387,1.6485940770510845,1.6423836622738033,1.6309062540803745,-0.19102917139960773,0.4327901996345385,0.006121841318704296,1.656784438325096,0.7155367850567184,-1.8061352861840212,1
388,-0.38824090698920655,1.041631575535075,-0.010526175421014809,-1.1168322572362501,0.4892191937564925,0.27424322206804835,-0.1006874336426974,0.10978294611235115,0.1405152626663453,1
389,0.8615962373417193,0.055670150405254804,-0.11854175010917876,1.86481534291299,-0.10423392541083455,-0.057203414891145554,0.3006684861443951,0.4936492371435114,-0.33430228250948835,1
390,0.79924087113552,0.6187303801570634,0.2693974528048613,0.5208121988777386,1.3315325235789282,-0.4744673134043539,2.6547101004281664,-0.019316006687580132,-2.948248146927461,1
391,-0.03770919420042695,0.29057836033088547,1.135141385786539,0.7752061185930604,0.045262568720710904,0.08263801148392377,-0.05421200729032271,-0.9128100967507606,0.06837516743756433,1
392,1.1683381663504107,0.8354760509632583,-0.4609823730753101,-0.34497412040426745,1.5962034793090145,0.3710160576193713,-0.7240738787742297,-0.9967397713054439,0.8311914228303431,1
393,-0.6284625527547907,1.2429439394545314,0.9957039414105046,0.2929311256805711,0.33948780556898744,0.5733394386189822,-1.1682497777499647,0.06803203466841243,1.338247477053209,1
394,-0.7954389347419866,-0.12218402796570915,0.39807178788075337,-1.3227624197657841,0.48366473336493476,-0.11570129616129046,0.36757095212233815,-0.17222498883714352,-0.41381393433476577,1
395,1.0828130715711142,-0.8731361485844902,0.23598998103219776,-1.3211065736558691,-0.3734764553885792,0.12373278688723466,-1.4216245943680907,-0.8919096552187088,1.5642207486038888,0
396,1.6787603994940319,1.0962771421786448,0.5625417835249032,-0.5513231444446826,-1.2152254181311306,0.4721257128202384,-0.8874667554303514,-0.8778515425288499,1.0207031962719415,1
397,-1.5537826099971512,-1.1604783781232724,-0.8327135127847871,0.31062382021547047,-0.6828478444517395,0.10896070824141633,-1.6531342847928452,-0.261781695961315,1.8150414989016048,0
398,0.5233902847694909,-0.33694714994953356,-2.5822347976523288,-1.4668231498201383,0.7599321025295837,-0.26088781824034457,0.7658574628336843,-0.29513532598451114,-0.864426740034024,1
399,-0.1881168334309667,0.4644617620270748,0.18607451711335346,1.3351413277186313,-0.002747395727973415,0.03155917073556322,0.34149861689614913,0.1378848679098275,-0.36889032425279633,1
